[
  {
    "city": "Hartford",
    "state": "CT",
    "zip": "06106",
    "lat": 41.7661,
    "lon": -72.6834,
    "kma": "Hartford Market",
    "kma_name": "Hartford Market",
    "region": "CT",
    "freight_score": 100,
    "population": 969171,
    "zip_zone": "Z0"
  },
  {
    "city": "Bridgeport",
    "state": "CT",
    "zip": "06605",
    "lat": 41.1918,
    "lon": -73.1954,
    "kma": "Hartford Market",
    "kma_name": "Hartford Market",
    "region": "CT",
    "freight_score": 100,
    "population": 921660,
    "zip_zone": "Z0"
  },
  {
    "city": "New Haven",
    "state": "CT",
    "zip": "06519",
    "lat": 41.3113,
    "lon": -72.9246,
    "kma": "Hartford Market",
    "kma_name": "Hartford Market",
    "region": "CT",
    "freight_score": 100,
    "population": 565056,
    "zip_zone": "Z0"
  },
  {
    "city": "Waterbury",
    "state": "CT",
    "zip": "06708",
    "lat": 41.5582,
    "lon": -73.0361,
    "kma": "Hartford Market",
    "kma_name": "Hartford Market",
    "region": "CT",
    "freight_score": 100,
    "population": 199965,
    "zip_zone": "Z0"
  },
  {
    "city": "Danbury",
    "state": "CT",
    "zip": "06810",
    "lat": 41.4015,
    "lon": -73.4709,
    "kma": "Hartford Market",
    "kma_name": "Hartford Market",
    "region": "CT",
    "freight_score": 100,
    "population": 175074,
    "zip_zone": "Z0"
  },
  {
    "city": "Norwich",
    "state": "CT",
    "zip": "06380",
    "lat": 41.5495,
    "lon": -72.0882,
    "kma": "Hartford Market",
    "kma_name": "Hartford Market",
    "region": "CT",
    "freight_score": 100,
    "population": 163299,
    "zip_zone": "Z0"
  },
  {
    "city": "Stamford",
    "state": "CT",
    "zip": "06906",
    "lat": 41.1039,
    "lon": -73.5585,
    "kma": "New York Market",
    "kma_name": "New York Market",
    "region": "CT",
    "freight_score": 100,
    "population": 135806,
    "zip_zone": "Z0"
  },
  {
    "city": "Norwalk",
    "state": "CT",
    "zip": "06854",
    "lat": 41.1144,
    "lon": -73.4215,
    "kma": "New York Market",
    "kma_name": "New York Market",
    "region": "CT",
    "freight_score": 98,
    "population": 91375,
    "zip_zone": "Z0"
  },
  {
    "city": "New Britain",
    "state": "CT",
    "zip": "06052",
    "lat": 41.6759,
    "lon": -72.7862,
    "kma": "Hartford Market",
    "kma_name": "Hartford Market",
    "region": "CT",
    "freight_score": 93,
    "population": 73301,
    "zip_zone": "Z0"
  },
  {
    "city": "Bristol",
    "state": "CT",
    "zip": "06010",
    "lat": 41.6812,
    "lon": -72.9407,
    "kma": "Hartford Market",
    "kma_name": "Hartford Market",
    "region": "CT",
    "freight_score": 90,
    "population": 61129,
    "zip_zone": "Z0"
  },
  {
    "city": "Meriden",
    "state": "CT",
    "zip": "06450",
    "lat": 41.5369,
    "lon": -72.7946,
    "kma": "Hartford Market",
    "kma_name": "Hartford Market",
    "region": "CT",
    "freight_score": 90,
    "population": 60418,
    "zip_zone": "Z0"
  },
  {
    "city": "West Haven",
    "state": "CT",
    "zip": "06516",
    "lat": 41.2739,
    "lon": -72.9672,
    "kma": "Hartford Market",
    "kma_name": "Hartford Market",
    "region": "CT",
    "freight_score": 89,
    "population": 55147,
    "zip_zone": "Z0"
  },
  {
    "city": "Milford city ",
    "state": "CT",
    "zip": "06461",
    "lat": 41.2255,
    "lon": -73.0625,
    "kma": "Hartford Market",
    "kma_name": "Hartford Market",
    "region": "CT",
    "freight_score": 88,
    "population": 50749,
    "zip_zone": "Z0"
  },
  {
    "city": "Middletown",
    "state": "CT",
    "zip": "06457",
    "lat": 41.5476,
    "lon": -72.6549,
    "kma": "Hartford Market",
    "kma_name": "Hartford Market",
    "region": "CT",
    "freight_score": 87,
    "population": 47646,
    "zip_zone": "Z0"
  },
  {
    "city": "Shelton",
    "state": "CT",
    "zip": "06484",
    "lat": 41.306,
    "lon": -73.1383,
    "kma": "Hartford Market",
    "kma_name": "Hartford Market",
    "region": "CT",
    "freight_score": 85,
    "population": 41402,
    "zip_zone": "Z0"
  },
  {
    "city": "Torrington",
    "state": "CT",
    "zip": "06790",
    "lat": 41.8349,
    "lon": -73.1282,
    "kma": "Hartford Market",
    "kma_name": "Hartford Market",
    "region": "CT",
    "freight_score": 84,
    "population": 35481,
    "zip_zone": "Z0"
  },
  {
    "city": "Naugatuck",
    "state": "CT",
    "zip": "06770",
    "lat": 41.489,
    "lon": -73.0518,
    "kma": "Hartford Market",
    "kma_name": "Hartford Market",
    "region": "CT",
    "freight_score": 83,
    "population": 31634,
    "zip_zone": "Z0"
  },
  {
    "city": "New London",
    "state": "CT",
    "zip": "06320",
    "lat": 41.3502,
    "lon": -72.1022,
    "kma": "Hartford Market",
    "kma_name": "Hartford Market",
    "region": "CT",
    "freight_score": 82,
    "population": 27199,
    "zip_zone": "Z0"
  },
  {
    "city": "Ansonia",
    "state": "CT",
    "zip": "06401",
    "lat": 41.3443,
    "lon": -73.0689,
    "kma": "Hartford Market",
    "kma_name": "Hartford Market",
    "region": "CT",
    "freight_score": 80,
    "population": 18951,
    "zip_zone": "Z0"
  },
  {
    "city": "Wallingford Center",
    "state": "CT",
    "zip": "06492",
    "lat": 41.4499,
    "lon": -72.8189,
    "kma": "Hartford Market",
    "kma_name": "Hartford Market",
    "region": "CT",
    "freight_score": 80,
    "population": 18107,
    "zip_zone": "Z0"
  },
  {
    "city": "Willimantic",
    "state": "CT",
    "zip": "06256",
    "lat": 41.7171,
    "lon": -72.2114,
    "kma": "Hartford Market",
    "kma_name": "Hartford Market",
    "region": "CT",
    "freight_score": 79,
    "population": 17774,
    "zip_zone": "Z0"
  },
  {
    "city": "Storrs",
    "state": "CT",
    "zip": "06269",
    "lat": 41.8083,
    "lon": -72.2514,
    "kma": "Hartford Market",
    "kma_name": "Hartford Market",
    "region": "CT",
    "freight_score": 78,
    "population": 13502,
    "zip_zone": "Z0"
  },
  {
    "city": "Derby",
    "state": "CT",
    "zip": "06418",
    "lat": 41.3265,
    "lon": -73.0833,
    "kma": "Hartford Market",
    "kma_name": "Hartford Market",
    "region": "CT",
    "freight_score": 78,
    "population": 12359,
    "zip_zone": "Z0"
  },
  {
    "city": "Trumbull Center",
    "state": "CT",
    "zip": "06611",
    "lat": 41.2415,
    "lon": -73.1836,
    "kma": "Hartford Market",
    "kma_name": "Hartford Market",
    "region": "CT",
    "freight_score": 78,
    "population": 10137,
    "zip_zone": "Z0"
  },
  {
    "city": "Kensington",
    "state": "CT",
    "zip": "06037",
    "lat": 41.6284,
    "lon": -72.7686,
    "kma": "Hartford Market",
    "kma_name": "Hartford Market",
    "region": "CT",
    "freight_score": 77,
    "population": 9936,
    "zip_zone": "Z0"
  },
  {
    "city": "Sandy Hook",
    "state": "CT",
    "zip": "06482",
    "lat": 41.4128,
    "lon": -73.244,
    "kma": "Hartford Market",
    "kma_name": "Hartford Market",
    "region": "CT",
    "freight_score": 77,
    "population": 9718,
    "zip_zone": "Z0"
  },
  {
    "city": "Oakville",
    "state": "CT",
    "zip": "06779",
    "lat": 41.5893,
    "lon": -73.0905,
    "kma": "Hartford Market",
    "kma_name": "Hartford Market",
    "region": "CT",
    "freight_score": 77,
    "population": 9233,
    "zip_zone": "Z0"
  },
  {
    "city": "Riverside",
    "state": "CT",
    "zip": "06878",
    "lat": 41.0318,
    "lon": -73.5827,
    "kma": "New York Market",
    "kma_name": "New York Market",
    "region": "CT",
    "freight_score": 77,
    "population": 9216,
    "zip_zone": "Z0"
  },
  {
    "city": "Long Hill",
    "state": "CT",
    "zip": "06611",
    "lat": 41.2666,
    "lon": -73.2283,
    "kma": "Hartford Market",
    "kma_name": "Hartford Market",
    "region": "CT",
    "freight_score": 77,
    "population": 8597,
    "zip_zone": "Z0"
  },
  {
    "city": "Conning Towers Nautilus Park",
    "state": "CT",
    "zip": "06340",
    "lat": 41.385,
    "lon": -72.0684,
    "kma": "Hartford Market",
    "kma_name": "Hartford Market",
    "region": "CT",
    "freight_score": 77,
    "population": 8590,
    "zip_zone": "Z0"
  },
  {
    "city": "Southwood Acres",
    "state": "CT",
    "zip": "06082",
    "lat": 41.9582,
    "lon": -72.5726,
    "kma": "Springfield Market",
    "kma_name": "Springfield Market",
    "region": "CT",
    "freight_score": 77,
    "population": 8154,
    "zip_zone": "Z0"
  },
  {
    "city": "Glastonbury Center",
    "state": "CT",
    "zip": "06033",
    "lat": 41.7016,
    "lon": -72.6002,
    "kma": "Hartford Market",
    "kma_name": "Hartford Market",
    "region": "CT",
    "freight_score": 77,
    "population": 7860,
    "zip_zone": "Z0"
  },
  {
    "city": "Thompsonville",
    "state": "CT",
    "zip": "06082",
    "lat": 41.9915,
    "lon": -72.5965,
    "kma": "Springfield Market",
    "kma_name": "Springfield Market",
    "region": "CT",
    "freight_score": 77,
    "population": 7473,
    "zip_zone": "Z0"
  },
  {
    "city": "Cos Cob",
    "state": "CT",
    "zip": "06807",
    "lat": 41.0513,
    "lon": -73.5934,
    "kma": "New York Market",
    "kma_name": "New York Market",
    "region": "CT",
    "freight_score": 77,
    "population": 7354,
    "zip_zone": "Z0"
  },
  {
    "city": "Winsted",
    "state": "CT",
    "zip": "06098",
    "lat": 41.9262,
    "lon": -73.0675,
    "kma": "Hartford Market",
    "kma_name": "Hartford Market",
    "region": "CT",
    "freight_score": 77,
    "population": 7074,
    "zip_zone": "Z0"
  },
  {
    "city": "New Canaan",
    "state": "CT",
    "zip": "06840",
    "lat": 41.142,
    "lon": -73.4905,
    "kma": "New York Market",
    "kma_name": "New York Market",
    "region": "CT",
    "freight_score": 77,
    "population": 7032,
    "zip_zone": "Z0"
  },
  {
    "city": "Staples",
    "state": "CT",
    "zip": "06880",
    "lat": 41.1508,
    "lon": -73.3283,
    "kma": "New York Market",
    "kma_name": "New York Market",
    "region": "CT",
    "freight_score": 77,
    "population": 6985,
    "zip_zone": "Z0"
  },
  {
    "city": "Old Greenwich",
    "state": "CT",
    "zip": "06870",
    "lat": 41.0254,
    "lon": -73.5692,
    "kma": "New York Market",
    "kma_name": "New York Market",
    "region": "CT",
    "freight_score": 77,
    "population": 6904,
    "zip_zone": "Z0"
  },
  {
    "city": "Rockville",
    "state": "CT",
    "zip": "06066",
    "lat": 41.8665,
    "lon": -72.4512,
    "kma": "Hartford Market",
    "kma_name": "Hartford Market",
    "region": "CT",
    "freight_score": 77,
    "population": 6657,
    "zip_zone": "Z0"
  },
  {
    "city": "Hazardville",
    "state": "CT",
    "zip": "06082",
    "lat": 41.9921,
    "lon": -72.5344,
    "kma": "Springfield Market",
    "kma_name": "Springfield Market",
    "region": "CT",
    "freight_score": 77,
    "population": 6482,
    "zip_zone": "Z0"
  },
  {
    "city": "Simsbury Center",
    "state": "CT",
    "zip": "06070",
    "lat": 41.8808,
    "lon": -72.8111,
    "kma": "Hartford Market",
    "kma_name": "Hartford Market",
    "region": "CT",
    "freight_score": 77,
    "population": 6326,
    "zip_zone": "Z0"
  },
  {
    "city": "Northford",
    "state": "CT",
    "zip": "06472",
    "lat": 41.3949,
    "lon": -72.7826,
    "kma": "Hartford Market",
    "kma_name": "Hartford Market",
    "region": "CT",
    "freight_score": 77,
    "population": 6161,
    "zip_zone": "Z0"
  },
  {
    "city": "Branford Center",
    "state": "CT",
    "zip": "06405",
    "lat": 41.278,
    "lon": -72.8148,
    "kma": "Hartford Market",
    "kma_name": "Hartford Market",
    "region": "CT",
    "freight_score": 77,
    "population": 6130,
    "zip_zone": "Z0"
  },
  {
    "city": "Cheshire Village",
    "state": "CT",
    "zip": "06410",
    "lat": 41.5041,
    "lon": -72.8969,
    "kma": "Hartford Market",
    "kma_name": "Hartford Market",
    "region": "CT",
    "freight_score": 77,
    "population": 6049,
    "zip_zone": "Z0"
  },
  {
    "city": "Daniels Farm",
    "state": "CT",
    "zip": "06611",
    "lat": 41.2778,
    "lon": -73.2022,
    "kma": "Hartford Market",
    "kma_name": "Hartford Market",
    "region": "CT",
    "freight_score": 76,
    "population": 5995,
    "zip_zone": "Z0"
  },
  {
    "city": "Sherwood Manor",
    "state": "CT",
    "zip": "06082",
    "lat": 42.0101,
    "lon": -72.5667,
    "kma": "Springfield Market",
    "kma_name": "Springfield Market",
    "region": "CT",
    "freight_score": 76,
    "population": 5781,
    "zip_zone": "Z0"
  },
  {
    "city": "Noroton",
    "state": "CT",
    "zip": "06820",
    "lat": 41.0595,
    "lon": -73.4922,
    "kma": "New York Market",
    "kma_name": "New York Market",
    "region": "CT",
    "freight_score": 76,
    "population": 5522,
    "zip_zone": "Z0"
  },
  {
    "city": "Pawcatuck",
    "state": "CT",
    "zip": "06379",
    "lat": 41.3774,
    "lon": -71.8492,
    "kma": "Hartford Market",
    "kma_name": "Hartford Market",
    "region": "CT",
    "freight_score": 76,
    "population": 5475,
    "zip_zone": "Z0"
  },
  {
    "city": "Terryville",
    "state": "CT",
    "zip": "06786",
    "lat": 41.6784,
    "lon": -73.0064,
    "kma": "Hartford Market",
    "kma_name": "Hartford Market",
    "region": "CT",
    "freight_score": 76,
    "population": 5112,
    "zip_zone": "Z0"
  },
  {
    "city": "Byram",
    "state": "CT",
    "zip": "06830",
    "lat": 41.0011,
    "lon": -73.6528,
    "kma": "New York Market",
    "kma_name": "New York Market",
    "region": "CT",
    "freight_score": 76,
    "population": 5011,
    "zip_zone": "Z0"
  },
  {
    "city": "Stafford Springs",
    "state": "CT",
    "zip": "06076",
    "lat": 41.9595,
    "lon": -72.3105,
    "kma": "Springfield Market",
    "kma_name": "Springfield Market",
    "region": "CT",
    "freight_score": 76,
    "population": 4801,
    "zip_zone": "Z0"
  },
  {
    "city": "Lake Pocotopaug",
    "state": "CT",
    "zip": "06424",
    "lat": 41.596,
    "lon": -72.51,
    "kma": "Hartford Market",
    "kma_name": "Hartford Market",
    "region": "CT",
    "freight_score": 76,
    "population": 4715,
    "zip_zone": "Z0"
  },
  {
    "city": "Heritage Village",
    "state": "CT",
    "zip": "06488",
    "lat": 41.4855,
    "lon": -73.2349,
    "kma": "Hartford Market",
    "kma_name": "Hartford Market",
    "region": "CT",
    "freight_score": 76,
    "population": 4517,
    "zip_zone": "Z0"
  },
  {
    "city": "Mystic",
    "state": "CT",
    "zip": "06378",
    "lat": 41.3562,
    "lon": -71.9546,
    "kma": "Hartford Market",
    "kma_name": "Hartford Market",
    "region": "CT",
    "freight_score": 76,
    "population": 4441,
    "zip_zone": "Z0"
  },
  {
    "city": "Long Hill",
    "state": "CT",
    "zip": "06340",
    "lat": 41.3536,
    "lon": -72.0517,
    "kma": "Hartford Market",
    "kma_name": "Hartford Market",
    "region": "CT",
    "freight_score": 76,
    "population": 4292,
    "zip_zone": "Z0"
  },
  {
    "city": "Danielson",
    "state": "CT",
    "zip": "06239",
    "lat": 41.8086,
    "lon": -71.8854,
    "kma": "Hartford Market",
    "kma_name": "Hartford Market",
    "region": "CT",
    "freight_score": 76,
    "population": 4185,
    "zip_zone": "Z0"
  },
  {
    "city": "Collinsville",
    "state": "CT",
    "zip": "06019",
    "lat": 41.8189,
    "lon": -72.922,
    "kma": "Hartford Market",
    "kma_name": "Hartford Market",
    "region": "CT",
    "freight_score": 76,
    "population": 4001,
    "zip_zone": "Z0"
  },
  {
    "city": "Oronoque",
    "state": "CT",
    "zip": "06614",
    "lat": 41.2527,
    "lon": -73.1089,
    "kma": "Hartford Market",
    "kma_name": "Hartford Market",
    "region": "CT",
    "freight_score": 76,
    "population": 3908,
    "zip_zone": "Z0"
  },
  {
    "city": "Quinnipiac University",
    "state": "CT",
    "zip": "06518",
    "lat": 41.4174,
    "lon": -72.8992,
    "kma": "Hartford Market",
    "kma_name": "Hartford Market",
    "region": "CT",
    "freight_score": 76,
    "population": 3821,
    "zip_zone": "Z0"
  },
  {
    "city": "East Village",
    "state": "CT",
    "zip": "06468",
    "lat": 41.3612,
    "lon": -73.1845,
    "kma": "Hartford Market",
    "kma_name": "Hartford Market",
    "region": "CT",
    "freight_score": 76,
    "population": 3744,
    "zip_zone": "Z0"
  },
  {
    "city": "Lordship",
    "state": "CT",
    "zip": "06615",
    "lat": 41.1533,
    "lon": -73.1197,
    "kma": "Hartford Market",
    "kma_name": "Hartford Market",
    "region": "CT",
    "freight_score": 76,
    "population": 3613,
    "zip_zone": "Z0"
  },
  {
    "city": "Compo",
    "state": "CT",
    "zip": "06880",
    "lat": 41.1225,
    "lon": -73.3516,
    "kma": "New York Market",
    "kma_name": "New York Market",
    "region": "CT",
    "freight_score": 76,
    "population": 3561,
    "zip_zone": "Z0"
  },
  {
    "city": "Broad Brook",
    "state": "CT",
    "zip": "06016",
    "lat": 41.9097,
    "lon": -72.5426,
    "kma": "Hartford Market",
    "kma_name": "Hartford Market",
    "region": "CT",
    "freight_score": 76,
    "population": 3550,
    "zip_zone": "Z0"
  },
  {
    "city": "Stepney",
    "state": "CT",
    "zip": "06468",
    "lat": 41.3256,
    "lon": -73.2674,
    "kma": "Hartford Market",
    "kma_name": "Hartford Market",
    "region": "CT",
    "freight_score": 76,
    "population": 3489,
    "zip_zone": "Z0"
  },
  {
    "city": "Coleytown",
    "state": "CT",
    "zip": "06880",
    "lat": 41.1742,
    "lon": -73.3461,
    "kma": "New York Market",
    "kma_name": "New York Market",
    "region": "CT",
    "freight_score": 76,
    "population": 3479,
    "zip_zone": "Z0"
  },
  {
    "city": "Pemberwick",
    "state": "CT",
    "zip": "06831",
    "lat": 41.0225,
    "lon": -73.6564,
    "kma": "New York Market",
    "kma_name": "New York Market",
    "region": "CT",
    "freight_score": 76,
    "population": 3455,
    "zip_zone": "Z0"
  },
  {
    "city": "Tashua",
    "state": "CT",
    "zip": "06611",
    "lat": 41.2761,
    "lon": -73.2536,
    "kma": "Hartford Market",
    "kma_name": "Hartford Market",
    "region": "CT",
    "freight_score": 76,
    "population": 3436,
    "zip_zone": "Z0"
  },
  {
    "city": "Jewett City",
    "state": "CT",
    "zip": "06351",
    "lat": 41.607,
    "lon": -71.9806,
    "kma": "Hartford Market",
    "kma_name": "Hartford Market",
    "region": "CT",
    "freight_score": 76,
    "population": 3412,
    "zip_zone": "Z0"
  },
  {
    "city": "Niantic",
    "state": "CT",
    "zip": "06357",
    "lat": 41.3258,
    "lon": -72.1952,
    "kma": "Hartford Market",
    "kma_name": "Hartford Market",
    "region": "CT",
    "freight_score": 76,
    "population": 3302,
    "zip_zone": "Z0"
  },
  {
    "city": "Moosup",
    "state": "CT",
    "zip": "06354",
    "lat": 41.7173,
    "lon": -71.8757,
    "kma": "Hartford Market",
    "kma_name": "Hartford Market",
    "region": "CT",
    "freight_score": 76,
    "population": 3218,
    "zip_zone": "Z0"
  },
  {
    "city": "Old Mystic",
    "state": "CT",
    "zip": "06355",
    "lat": 41.3852,
    "lon": -71.9851,
    "kma": "Hartford Market",
    "kma_name": "Hartford Market",
    "region": "CT",
    "freight_score": 76,
    "population": 3189,
    "zip_zone": "Z0"
  },
  {
    "city": "Northwest Harwinton",
    "state": "CT",
    "zip": "06791",
    "lat": 41.7769,
    "lon": -73.0794,
    "kma": "Hartford Market",
    "kma_name": "Hartford Market",
    "region": "CT",
    "freight_score": 76,
    "population": 3126,
    "zip_zone": "Z0"
  },
  {
    "city": "Saugatuck",
    "state": "CT",
    "zip": "06880",
    "lat": 41.1143,
    "lon": -73.3717,
    "kma": "New York Market",
    "kma_name": "New York Market",
    "region": "CT",
    "freight_score": 76,
    "population": 3091,
    "zip_zone": "Z0"
  },
  {
    "city": "Old Hill",
    "state": "CT",
    "zip": "06880",
    "lat": 41.1491,
    "lon": -73.3764,
    "kma": "New York Market",
    "kma_name": "New York Market",
    "region": "CT",
    "freight_score": 76,
    "population": 3078,
    "zip_zone": "Z0"
  },
  {
    "city": "Greens Farms",
    "state": "CT",
    "zip": "06880",
    "lat": 41.1264,
    "lon": -73.322,
    "kma": "New York Market",
    "kma_name": "New York Market",
    "region": "CT",
    "freight_score": 76,
    "population": 3022,
    "zip_zone": "Z0"
  },
  {
    "city": "Noroton Heights",
    "state": "CT",
    "zip": "06820",
    "lat": 41.0741,
    "lon": -73.4972,
    "kma": "New York Market",
    "kma_name": "New York Market",
    "region": "CT",
    "freight_score": 76,
    "population": 2949,
    "zip_zone": "Z0"
  },
  {
    "city": "Oxoboxo River",
    "state": "CT",
    "zip": "06370",
    "lat": 41.4441,
    "lon": -72.1249,
    "kma": "Hartford Market",
    "kma_name": "Hartford Market",
    "region": "CT",
    "freight_score": 76,
    "population": 2912,
    "zip_zone": "Z0"
  },
  {
    "city": "West Simsbury",
    "state": "CT",
    "zip": "06092",
    "lat": 41.8757,
    "lon": -72.845,
    "kma": "Hartford Market",
    "kma_name": "Hartford Market",
    "region": "CT",
    "freight_score": 76,
    "population": 2878,
    "zip_zone": "Z0"
  },
  {
    "city": "Westport Village",
    "state": "CT",
    "zip": "06880",
    "lat": 41.1428,
    "lon": -73.3609,
    "kma": "New York Market",
    "kma_name": "New York Market",
    "region": "CT",
    "freight_score": 76,
    "population": 2863,
    "zip_zone": "Z0"
  },
  {
    "city": "Weatogue",
    "state": "CT",
    "zip": "06070",
    "lat": 41.8459,
    "lon": -72.8294,
    "kma": "Hartford Market",
    "kma_name": "Hartford Market",
    "region": "CT",
    "freight_score": 76,
    "population": 2851,
    "zip_zone": "Z0"
  },
  {
    "city": "Essex Village",
    "state": "CT",
    "zip": "06426",
    "lat": 41.3559,
    "lon": -72.3919,
    "kma": "Hartford Market",
    "kma_name": "Hartford Market",
    "region": "CT",
    "freight_score": 76,
    "population": 2722,
    "zip_zone": "Z0"
  },
  {
    "city": "Glenville",
    "state": "CT",
    "zip": "06831",
    "lat": 41.0351,
    "lon": -73.6657,
    "kma": "New York Market",
    "kma_name": "New York Market",
    "region": "CT",
    "freight_score": 76,
    "population": 2663,
    "zip_zone": "Z0"
  },
  {
    "city": "Deep River Center",
    "state": "CT",
    "zip": "06417",
    "lat": 41.3789,
    "lon": -72.4411,
    "kma": "Hartford Market",
    "kma_name": "Hartford Market",
    "region": "CT",
    "freight_score": 76,
    "population": 2636,
    "zip_zone": "Z0"
  },
  {
    "city": "Ball Pond",
    "state": "CT",
    "zip": "06812",
    "lat": 41.4618,
    "lon": -73.5268,
    "kma": "Hartford Market",
    "kma_name": "Hartford Market",
    "region": "CT",
    "freight_score": 76,
    "population": 2623,
    "zip_zone": "Z0"
  },
  {
    "city": "Westbrook Center",
    "state": "CT",
    "zip": "06498",
    "lat": 41.2811,
    "lon": -72.4424,
    "kma": "Hartford Market",
    "kma_name": "Hartford Market",
    "region": "CT",
    "freight_score": 76,
    "population": 2529,
    "zip_zone": "Z0"
  },
  {
    "city": "Fairfield University",
    "state": "CT",
    "zip": "06824",
    "lat": 41.159,
    "lon": -73.2571,
    "kma": "New York Market",
    "kma_name": "New York Market",
    "region": "CT",
    "freight_score": 76,
    "population": 2516,
    "zip_zone": "Z0"
  },
  {
    "city": "Tokeneke",
    "state": "CT",
    "zip": "06820",
    "lat": 41.0619,
    "lon": -73.4643,
    "kma": "New York Market",
    "kma_name": "New York Market",
    "region": "CT",
    "freight_score": 76,
    "population": 2466,
    "zip_zone": "Z0"
  },
  {
    "city": "Coventry Lake",
    "state": "CT",
    "zip": "06238",
    "lat": 41.7732,
    "lon": -72.3299,
    "kma": "Hartford Market",
    "kma_name": "Hartford Market",
    "region": "CT",
    "freight_score": 76,
    "population": 2358,
    "zip_zone": "Z0"
  },
  {
    "city": "Bethlehem Village",
    "state": "CT",
    "zip": "06751",
    "lat": 41.6401,
    "lon": -73.2031,
    "kma": "Hartford Market",
    "kma_name": "Hartford Market",
    "region": "CT",
    "freight_score": 76,
    "population": 2275,
    "zip_zone": "Z0"
  },
  {
    "city": "Guilford Center",
    "state": "CT",
    "zip": "06437",
    "lat": 41.2818,
    "lon": -72.6763,
    "kma": "Hartford Market",
    "kma_name": "Hartford Market",
    "region": "CT",
    "freight_score": 76,
    "population": 2272,
    "zip_zone": "Z0"
  },
  {
    "city": "Plainfield Village",
    "state": "CT",
    "zip": "06374",
    "lat": 41.6766,
    "lon": -71.925,
    "kma": "Hartford Market",
    "kma_name": "Hartford Market",
    "region": "CT",
    "freight_score": 76,
    "population": 2260,
    "zip_zone": "Z0"
  },
  {
    "city": "Salmon Brook",
    "state": "CT",
    "zip": "06035",
    "lat": 41.9575,
    "lon": -72.7919,
    "kma": "Springfield Market",
    "kma_name": "Springfield Market",
    "region": "CT",
    "freight_score": 76,
    "population": 2229,
    "zip_zone": "Z0"
  },
  {
    "city": "Old Saybrook Center",
    "state": "CT",
    "zip": "06475",
    "lat": 41.2918,
    "lon": -72.3682,
    "kma": "Hartford Market",
    "kma_name": "Hartford Market",
    "region": "CT",
    "freight_score": 76,
    "population": 2063,
    "zip_zone": "Z0"
  },
  {
    "city": "Plantsville",
    "state": "CT",
    "zip": "06479",
    "lat": 41.5832,
    "lon": -72.8919,
    "kma": "Hartford Market",
    "kma_name": "Hartford Market",
    "region": "CT",
    "freight_score": 76,
    "population": 2045,
    "zip_zone": "Z0"
  },
  {
    "city": "East Brooklyn",
    "state": "CT",
    "zip": "06234",
    "lat": 41.7981,
    "lon": -71.902,
    "kma": "Hartford Market",
    "kma_name": "Hartford Market",
    "region": "CT",
    "freight_score": 76,
    "population": 2008,
    "zip_zone": "Z0"
  },
  {
    "city": "Blue Hills",
    "state": "CT",
    "zip": "06002",
    "lat": 41.8133,
    "lon": -72.6954,
    "kma": "Hartford Market",
    "kma_name": "Hartford Market",
    "region": "CT",
    "freight_score": 75,
    "population": 1989,
    "zip_zone": "Z0"
  },
  {
    "city": "Mill Plain",
    "state": "CT",
    "zip": "06824",
    "lat": 41.1539,
    "lon": -73.2695,
    "kma": "New York Market",
    "kma_name": "New York Market",
    "region": "CT",
    "freight_score": 75,
    "population": 1980,
    "zip_zone": "Z0"
  },
  {
    "city": "Crystal Lake",
    "state": "CT",
    "zip": "06029",
    "lat": 41.9334,
    "lon": -72.3812,
    "kma": "Springfield Market",
    "kma_name": "Springfield Market",
    "region": "CT",
    "freight_score": 75,
    "population": 1963,
    "zip_zone": "Z0"
  },
  {
    "city": "Ridgebury",
    "state": "CT",
    "zip": "06877",
    "lat": 41.357,
    "lon": -73.5267,
    "kma": "New York Market",
    "kma_name": "New York Market",
    "region": "CT",
    "freight_score": 75,
    "population": 1949,
    "zip_zone": "Z0"
  },
  {
    "city": "Suffield Depot",
    "state": "CT",
    "zip": "06078",
    "lat": 41.9843,
    "lon": -72.6465,
    "kma": "Springfield Market",
    "kma_name": "Springfield Market",
    "region": "CT",
    "freight_score": 75,
    "population": 1947,
    "zip_zone": "Z0"
  },
  {
    "city": "Chester Center",
    "state": "CT",
    "zip": "06412",
    "lat": 41.4018,
    "lon": -72.4578,
    "kma": "Hartford Market",
    "kma_name": "Hartford Market",
    "region": "CT",
    "freight_score": 75,
    "population": 1876,
    "zip_zone": "Z0"
  },
  {
    "city": "Madison Center",
    "state": "CT",
    "zip": "06443",
    "lat": 41.2794,
    "lon": -72.6003,
    "kma": "Hartford Market",
    "kma_name": "Hartford Market",
    "region": "CT",
    "freight_score": 75,
    "population": 1818,
    "zip_zone": "Z0"
  },
  {
    "city": "Moodus",
    "state": "CT",
    "zip": "06469",
    "lat": 41.5047,
    "lon": -72.4448,
    "kma": "Hartford Market",
    "kma_name": "Hartford Market",
    "region": "CT",
    "freight_score": 75,
    "population": 1815,
    "zip_zone": "Z0"
  },
  {
    "city": "Stratford Downtown",
    "state": "CT",
    "zip": "06614",
    "lat": 41.1989,
    "lon": -73.1276,
    "kma": "Hartford Market",
    "kma_name": "Hartford Market",
    "region": "CT",
    "freight_score": 75,
    "population": 1758,
    "zip_zone": "Z0"
  },
  {
    "city": "Georgetown",
    "state": "CT",
    "zip": "06896",
    "lat": 41.2494,
    "lon": -73.4343,
    "kma": "New York Market",
    "kma_name": "New York Market",
    "region": "CT",
    "freight_score": 75,
    "population": 1751,
    "zip_zone": "Z0"
  },
  {
    "city": "Wilton Center",
    "state": "CT",
    "zip": "06897",
    "lat": 41.1914,
    "lon": -73.4262,
    "kma": "New York Market",
    "kma_name": "New York Market",
    "region": "CT",
    "freight_score": 75,
    "population": 1730,
    "zip_zone": "Z0"
  },
  {
    "city": "New Hartford Center",
    "state": "CT",
    "zip": "06057",
    "lat": 41.8802,
    "lon": -72.9753,
    "kma": "Hartford Market",
    "kma_name": "Hartford Market",
    "region": "CT",
    "freight_score": 75,
    "population": 1691,
    "zip_zone": "Z0"
  },
  {
    "city": "Noank",
    "state": "CT",
    "zip": "06355",
    "lat": 41.3339,
    "lon": -71.9978,
    "kma": "Hartford Market",
    "kma_name": "Hartford Market",
    "region": "CT",
    "freight_score": 75,
    "population": 1617,
    "zip_zone": "Z0"
  },
  {
    "city": "Tariffville",
    "state": "CT",
    "zip": "06081",
    "lat": 41.9071,
    "lon": -72.7684,
    "kma": "Hartford Market",
    "kma_name": "Hartford Market",
    "region": "CT",
    "freight_score": 75,
    "population": 1607,
    "zip_zone": "Z0"
  },
  {
    "city": "Woodmont",
    "state": "CT",
    "zip": "06460",
    "lat": 41.2282,
    "lon": -72.993,
    "kma": "Hartford Market",
    "kma_name": "Hartford Market",
    "region": "CT",
    "freight_score": 75,
    "population": 1591,
    "zip_zone": "Z0"
  },
  {
    "city": "Higganum",
    "state": "CT",
    "zip": "06438",
    "lat": 41.4905,
    "lon": -72.558,
    "kma": "Hartford Market",
    "kma_name": "Hartford Market",
    "region": "CT",
    "freight_score": 75,
    "population": 1549,
    "zip_zone": "Z0"
  },
  {
    "city": "Southport",
    "state": "CT",
    "zip": "06890",
    "lat": 41.135,
    "lon": -73.2873,
    "kma": "New York Market",
    "kma_name": "New York Market",
    "region": "CT",
    "freight_score": 75,
    "population": 1529,
    "zip_zone": "Z0"
  },
  {
    "city": "North Granby",
    "state": "CT",
    "zip": "06060",
    "lat": 42.0152,
    "lon": -72.844,
    "kma": "Springfield Market",
    "kma_name": "Springfield Market",
    "region": "CT",
    "freight_score": 75,
    "population": 1510,
    "zip_zone": "Z0"
  },
  {
    "city": "South Coventry",
    "state": "CT",
    "zip": "06238",
    "lat": 41.7731,
    "lon": -72.3084,
    "kma": "Hartford Market",
    "kma_name": "Hartford Market",
    "region": "CT",
    "freight_score": 75,
    "population": 1509,
    "zip_zone": "Z0"
  },
  {
    "city": "Woodbury Center",
    "state": "CT",
    "zip": "06798",
    "lat": 41.5439,
    "lon": -73.2048,
    "kma": "Hartford Market",
    "kma_name": "Hartford Market",
    "region": "CT",
    "freight_score": 75,
    "population": 1491,
    "zip_zone": "Z0"
  },
  {
    "city": "South Wilton",
    "state": "CT",
    "zip": "06897",
    "lat": 41.173,
    "lon": -73.4166,
    "kma": "New York Market",
    "kma_name": "New York Market",
    "region": "CT",
    "freight_score": 75,
    "population": 1453,
    "zip_zone": "Z0"
  },
  {
    "city": "Saybrook Manor",
    "state": "CT",
    "zip": "06475",
    "lat": 41.2825,
    "lon": -72.4063,
    "kma": "Hartford Market",
    "kma_name": "Hartford Market",
    "region": "CT",
    "freight_score": 75,
    "population": 1404,
    "zip_zone": "Z0"
  },
  {
    "city": "South Windham",
    "state": "CT",
    "zip": "06226",
    "lat": 41.685,
    "lon": -72.1845,
    "kma": "Hartford Market",
    "kma_name": "Hartford Market",
    "region": "CT",
    "freight_score": 75,
    "population": 1391,
    "zip_zone": "Z0"
  },
  {
    "city": "Canton Valley",
    "state": "CT",
    "zip": "06019",
    "lat": 41.8316,
    "lon": -72.8977,
    "kma": "Hartford Market",
    "kma_name": "Hartford Market",
    "region": "CT",
    "freight_score": 75,
    "population": 1364,
    "zip_zone": "Z0"
  },
  {
    "city": "Darien Downtown",
    "state": "CT",
    "zip": "06820",
    "lat": 41.0768,
    "lon": -73.4699,
    "kma": "New York Market",
    "kma_name": "New York Market",
    "region": "CT",
    "freight_score": 75,
    "population": 1329,
    "zip_zone": "Z0"
  },
  {
    "city": "Lakes West",
    "state": "CT",
    "zip": "06877",
    "lat": 41.335,
    "lon": -73.513,
    "kma": "New York Market",
    "kma_name": "New York Market",
    "region": "CT",
    "freight_score": 75,
    "population": 1308,
    "zip_zone": "Z0"
  },
  {
    "city": "Canaan",
    "state": "CT",
    "zip": "06018",
    "lat": 42.0347,
    "lon": -73.3322,
    "kma": "Springfield Market",
    "kma_name": "Springfield Market",
    "region": "CT",
    "freight_score": 75,
    "population": 1297,
    "zip_zone": "Z0"
  },
  {
    "city": "Lakes East",
    "state": "CT",
    "zip": "06877",
    "lat": 41.3314,
    "lon": -73.4911,
    "kma": "New York Market",
    "kma_name": "New York Market",
    "region": "CT",
    "freight_score": 75,
    "population": 1295,
    "zip_zone": "Z0"
  },
  {
    "city": "South Woodstock",
    "state": "CT",
    "zip": "06281",
    "lat": 41.9312,
    "lon": -71.9555,
    "kma": "Springfield Market",
    "kma_name": "Springfield Market",
    "region": "CT",
    "freight_score": 75,
    "population": 1294,
    "zip_zone": "Z0"
  },
  {
    "city": "Baltic",
    "state": "CT",
    "zip": "06330",
    "lat": 41.6139,
    "lon": -72.0865,
    "kma": "Hartford Market",
    "kma_name": "Hartford Market",
    "region": "CT",
    "freight_score": 75,
    "population": 1266,
    "zip_zone": "Z0"
  },
  {
    "city": "Wauregan",
    "state": "CT",
    "zip": "06374",
    "lat": 41.7498,
    "lon": -71.9138,
    "kma": "Hartford Market",
    "kma_name": "Hartford Market",
    "region": "CT",
    "freight_score": 75,
    "population": 1209,
    "zip_zone": "Z0"
  },
  {
    "city": "Poplar Plains",
    "state": "CT",
    "zip": "06880",
    "lat": 41.1714,
    "lon": -73.3771,
    "kma": "New York Market",
    "kma_name": "New York Market",
    "region": "CT",
    "freight_score": 75,
    "population": 1203,
    "zip_zone": "Z0"
  },
  {
    "city": "Quinebaug",
    "state": "CT",
    "zip": "06255",
    "lat": 42.0107,
    "lon": -71.937,
    "kma": "Springfield Market",
    "kma_name": "Springfield Market",
    "region": "CT",
    "freight_score": 75,
    "population": 1163,
    "zip_zone": "Z0"
  },
  {
    "city": "Inglenook",
    "state": "CT",
    "zip": "06812",
    "lat": 41.5229,
    "lon": -73.4736,
    "kma": "Hartford Market",
    "kma_name": "Hartford Market",
    "region": "CT",
    "freight_score": 75,
    "population": 1162,
    "zip_zone": "Z0"
  },
  {
    "city": "New Preston",
    "state": "CT",
    "zip": "06777",
    "lat": 41.6813,
    "lon": -73.3523,
    "kma": "Hartford Market",
    "kma_name": "Hartford Market",
    "region": "CT",
    "freight_score": 75,
    "population": 1121,
    "zip_zone": "Z0"
  },
  {
    "city": "Poquonock Bridge",
    "state": "CT",
    "zip": "06340",
    "lat": 41.3379,
    "lon": -72.0176,
    "kma": "Hartford Market",
    "kma_name": "Hartford Market",
    "region": "CT",
    "freight_score": 75,
    "population": 1108,
    "zip_zone": "Z0"
  },
  {
    "city": "North Grosvenor Dale",
    "state": "CT",
    "zip": "06255",
    "lat": 41.9862,
    "lon": -71.9033,
    "kma": "Springfield Market",
    "kma_name": "Springfield Market",
    "region": "CT",
    "freight_score": 75,
    "population": 1097,
    "zip_zone": "Z0"
  },
  {
    "city": "Sacred Heart University",
    "state": "CT",
    "zip": "06825",
    "lat": 41.2215,
    "lon": -73.2442,
    "kma": "Hartford Market",
    "kma_name": "Hartford Market",
    "region": "CT",
    "freight_score": 75,
    "population": 1085,
    "zip_zone": "Z0"
  },
  {
    "city": "Route 7 Gateway",
    "state": "CT",
    "zip": "06877",
    "lat": 41.3171,
    "lon": -73.4746,
    "kma": "New York Market",
    "kma_name": "New York Market",
    "region": "CT",
    "freight_score": 75,
    "population": 1032,
    "zip_zone": "Z0"
  },
  {
    "city": "Gales Ferry",
    "state": "CT",
    "zip": "06335",
    "lat": 41.4215,
    "lon": -72.0854,
    "kma": "Hartford Market",
    "kma_name": "Hartford Market",
    "region": "CT",
    "freight_score": 75,
    "population": 1027,
    "zip_zone": "Z0"
  },
  {
    "city": "Mansfield Center",
    "state": "CT",
    "zip": "06250",
    "lat": 41.7614,
    "lon": -72.1945,
    "kma": "Hartford Market",
    "kma_name": "Hartford Market",
    "region": "CT",
    "freight_score": 75,
    "population": 988,
    "zip_zone": "Z0"
  },
  {
    "city": "Terramuggus",
    "state": "CT",
    "zip": "06447",
    "lat": 41.6343,
    "lon": -72.4693,
    "kma": "Hartford Market",
    "kma_name": "Hartford Market",
    "region": "CT",
    "freight_score": 75,
    "population": 976,
    "zip_zone": "Z0"
  },
  {
    "city": "Mechanicsville",
    "state": "CT",
    "zip": "06255",
    "lat": 41.9545,
    "lon": -71.8851,
    "kma": "Springfield Market",
    "kma_name": "Springfield Market",
    "region": "CT",
    "freight_score": 75,
    "population": 906,
    "zip_zone": "Z0"
  },
  {
    "city": "Bigelow Corners",
    "state": "CT",
    "zip": "06812",
    "lat": 41.4694,
    "lon": -73.5057,
    "kma": "Hartford Market",
    "kma_name": "Hartford Market",
    "region": "CT",
    "freight_score": 75,
    "population": 841,
    "zip_zone": "Z0"
  },
  {
    "city": "Weston",
    "state": "CT",
    "zip": "06883",
    "lat": 41.2033,
    "lon": -73.3788,
    "kma": "New York Market",
    "kma_name": "New York Market",
    "region": "CT",
    "freight_score": 75,
    "population": 795,
    "zip_zone": "Z0"
  },
  {
    "city": "Bantam",
    "state": "CT",
    "zip": "06750",
    "lat": 41.7247,
    "lon": -73.2422,
    "kma": "Hartford Market",
    "kma_name": "Hartford Market",
    "region": "CT",
    "freight_score": 75,
    "population": 762,
    "zip_zone": "Z0"
  },
  {
    "city": "Plattsville",
    "state": "CT",
    "zip": "06825",
    "lat": 41.226,
    "lon": -73.2591,
    "kma": "Hartford Market",
    "kma_name": "Hartford Market",
    "region": "CT",
    "freight_score": 75,
    "population": 742,
    "zip_zone": "Z0"
  },
  {
    "city": "Botsford",
    "state": "CT",
    "zip": "06470",
    "lat": 41.3589,
    "lon": -73.2671,
    "kma": "Hartford Market",
    "kma_name": "Hartford Market",
    "region": "CT",
    "freight_score": 75,
    "population": 702,
    "zip_zone": "Z0"
  },
  {
    "city": "Murray",
    "state": "CT",
    "zip": "06824",
    "lat": 41.1974,
    "lon": -73.2895,
    "kma": "New York Market",
    "kma_name": "New York Market",
    "region": "CT",
    "freight_score": 75,
    "population": 688,
    "zip_zone": "Z0"
  },
  {
    "city": "Candlewood Orchards",
    "state": "CT",
    "zip": "06804",
    "lat": 41.4728,
    "lon": -73.4381,
    "kma": "Hartford Market",
    "kma_name": "Hartford Market",
    "region": "CT",
    "freight_score": 75,
    "population": 683,
    "zip_zone": "Z0"
  },
  {
    "city": "Cannondale",
    "state": "CT",
    "zip": "06897",
    "lat": 41.2161,
    "lon": -73.4252,
    "kma": "New York Market",
    "kma_name": "New York Market",
    "region": "CT",
    "freight_score": 75,
    "population": 677,
    "zip_zone": "Z0"
  },
  {
    "city": "Gaylordsville",
    "state": "CT",
    "zip": "06755",
    "lat": 41.641,
    "lon": -73.4826,
    "kma": "Hartford Market",
    "kma_name": "Hartford Market",
    "region": "CT",
    "freight_score": 75,
    "population": 659,
    "zip_zone": "Z0"
  },
  {
    "city": "Lakeville",
    "state": "CT",
    "zip": "06039",
    "lat": 41.9595,
    "lon": -73.4485,
    "kma": "Hartford Market",
    "kma_name": "Hartford Market",
    "region": "CT",
    "freight_score": 75,
    "population": 641,
    "zip_zone": "Z0"
  },
  {
    "city": "Candlewood Isle",
    "state": "CT",
    "zip": "06812",
    "lat": 41.4777,
    "lon": -73.4523,
    "kma": "Hartford Market",
    "kma_name": "Hartford Market",
    "region": "CT",
    "freight_score": 75,
    "population": 569,
    "zip_zone": "Z0"
  },
  {
    "city": "Lake Bungee",
    "state": "CT",
    "zip": "06281",
    "lat": 41.9542,
    "lon": -72.0652,
    "kma": "Springfield Market",
    "kma_name": "Springfield Market",
    "region": "CT",
    "freight_score": 75,
    "population": 566,
    "zip_zone": "Z0"
  },
  {
    "city": "Candlewood Shores",
    "state": "CT",
    "zip": "06804",
    "lat": 41.4811,
    "lon": -73.4379,
    "kma": "Hartford Market",
    "kma_name": "Hartford Market",
    "region": "CT",
    "freight_score": 75,
    "population": 534,
    "zip_zone": "Z0"
  },
  {
    "city": "Groton Long Point",
    "state": "CT",
    "zip": "06340",
    "lat": 41.3144,
    "lon": -72.0087,
    "kma": "Hartford Market",
    "kma_name": "Hartford Market",
    "region": "CT",
    "freight_score": 75,
    "population": 511,
    "zip_zone": "Z0"
  },
  {
    "city": "Taylor Corners",
    "state": "CT",
    "zip": "06812",
    "lat": 41.4464,
    "lon": -73.5288,
    "kma": "Hartford Market",
    "kma_name": "Hartford Market",
    "region": "CT",
    "freight_score": 75,
    "population": 501,
    "zip_zone": "Z0"
  },
  {
    "city": "Witches Woods",
    "state": "CT",
    "zip": "06281",
    "lat": 41.9485,
    "lon": -72.0724,
    "kma": "Springfield Market",
    "kma_name": "Springfield Market",
    "region": "CT",
    "freight_score": 75,
    "population": 472,
    "zip_zone": "Z0"
  },
  {
    "city": "Mamanasco Lake",
    "state": "CT",
    "zip": "06877",
    "lat": 41.3189,
    "lon": -73.5253,
    "kma": "New York Market",
    "kma_name": "New York Market",
    "region": "CT",
    "freight_score": 75,
    "population": 462,
    "zip_zone": "Z0"
  },
  {
    "city": "Rock Ridge",
    "state": "CT",
    "zip": "06831",
    "lat": 41.0345,
    "lon": -73.6484,
    "kma": "New York Market",
    "kma_name": "New York Market",
    "region": "CT",
    "freight_score": 75,
    "population": 453,
    "zip_zone": "Z0"
  },
  {
    "city": "Falls Village",
    "state": "CT",
    "zip": "06031",
    "lat": 41.9576,
    "lon": -73.3561,
    "kma": "Hartford Market",
    "kma_name": "Hartford Market",
    "region": "CT",
    "freight_score": 75,
    "population": 452,
    "zip_zone": "Z0"
  },
  {
    "city": "Indian Field",
    "state": "CT",
    "zip": "06830",
    "lat": 41.0218,
    "lon": -73.6071,
    "kma": "New York Market",
    "kma_name": "New York Market",
    "region": "CT",
    "freight_score": 75,
    "population": 430,
    "zip_zone": "Z0"
  },
  {
    "city": "West Mountain",
    "state": "CT",
    "zip": "06877",
    "lat": 41.2993,
    "lon": -73.5383,
    "kma": "New York Market",
    "kma_name": "New York Market",
    "region": "CT",
    "freight_score": 75,
    "population": 418,
    "zip_zone": "Z0"
  },
  {
    "city": "Dayville",
    "state": "CT",
    "zip": "06241",
    "lat": 41.8443,
    "lon": -71.8823,
    "kma": "Springfield Market",
    "kma_name": "Springfield Market",
    "region": "CT",
    "freight_score": 75,
    "population": 379,
    "zip_zone": "Z0"
  },
  {
    "city": "Lakeside Woods",
    "state": "CT",
    "zip": "06784",
    "lat": 41.5548,
    "lon": -73.484,
    "kma": "Hartford Market",
    "kma_name": "Hartford Market",
    "region": "CT",
    "freight_score": 75,
    "population": 379,
    "zip_zone": "Z0"
  },
  {
    "city": "Pleasant Valley",
    "state": "CT",
    "zip": "06063",
    "lat": 41.9083,
    "lon": -72.9924,
    "kma": "Hartford Market",
    "kma_name": "Hartford Market",
    "region": "CT",
    "freight_score": 75,
    "population": 343,
    "zip_zone": "Z0"
  },
  {
    "city": "Riverton",
    "state": "CT",
    "zip": "06065",
    "lat": 41.9631,
    "lon": -73.0166,
    "kma": "Hartford Market",
    "kma_name": "Hartford Market",
    "region": "CT",
    "freight_score": 75,
    "population": 342,
    "zip_zone": "Z0"
  },
  {
    "city": "Lake Chaffee",
    "state": "CT",
    "zip": "06278",
    "lat": 41.9389,
    "lon": -72.1961,
    "kma": "Springfield Market",
    "kma_name": "Springfield Market",
    "region": "CT",
    "freight_score": 75,
    "population": 299,
    "zip_zone": "Z0"
  },
  {
    "city": "Knollcrest",
    "state": "CT",
    "zip": "06812",
    "lat": 41.5012,
    "lon": -73.4669,
    "kma": "Hartford Market",
    "kma_name": "Hartford Market",
    "region": "CT",
    "freight_score": 75,
    "population": 277,
    "zip_zone": "Z0"
  },
  {
    "city": "Cornwall Bridge",
    "state": "CT",
    "zip": "06754",
    "lat": 41.8054,
    "lon": -73.3852,
    "kma": "Hartford Market",
    "kma_name": "Hartford Market",
    "region": "CT",
    "freight_score": 75,
    "population": 239,
    "zip_zone": "Z0"
  },
  {
    "city": "Candlewood Lake Club",
    "state": "CT",
    "zip": "06804",
    "lat": 41.4939,
    "lon": -73.4373,
    "kma": "Hartford Market",
    "kma_name": "Hartford Market",
    "region": "CT",
    "freight_score": 75,
    "population": 235,
    "zip_zone": "Z0"
  },
  {
    "city": "Quasset Lake",
    "state": "CT",
    "zip": "06281",
    "lat": 41.9226,
    "lon": -71.984,
    "kma": "Springfield Market",
    "kma_name": "Springfield Market",
    "region": "CT",
    "freight_score": 75,
    "population": 233,
    "zip_zone": "Z0"
  },
  {
    "city": "Redding Center",
    "state": "CT",
    "zip": "06896",
    "lat": 41.3067,
    "lon": -73.3831,
    "kma": "Hartford Market",
    "kma_name": "Hartford Market",
    "region": "CT",
    "freight_score": 75,
    "population": 217,
    "zip_zone": "Z0"
  },
  {
    "city": "Brookfield Center",
    "state": "CT",
    "zip": "06804",
    "lat": 41.4623,
    "lon": -73.3875,
    "kma": "Hartford Market",
    "kma_name": "Hartford Market",
    "region": "CT",
    "freight_score": 75,
    "population": 201,
    "zip_zone": "Z0"
  },
  {
    "city": "Dodgingtown",
    "state": "CT",
    "zip": "06470",
    "lat": 41.3799,
    "lon": -73.3524,
    "kma": "Hartford Market",
    "kma_name": "Hartford Market",
    "region": "CT",
    "freight_score": 75,
    "population": 199,
    "zip_zone": "Z0"
  },
  {
    "city": "Bogus Hill",
    "state": "CT",
    "zip": "06812",
    "lat": 41.5075,
    "lon": -73.4625,
    "kma": "Hartford Market",
    "kma_name": "Hartford Market",
    "region": "CT",
    "freight_score": 75,
    "population": 163,
    "zip_zone": "Z0"
  },
  {
    "city": "Candlewood Knolls",
    "state": "CT",
    "zip": "06812",
    "lat": 41.4791,
    "lon": -73.4636,
    "kma": "Hartford Market",
    "kma_name": "Hartford Market",
    "region": "CT",
    "freight_score": 75,
    "population": 150,
    "zip_zone": "Z0"
  },
  {
    "city": "Bridgewater",
    "state": "CT",
    "zip": "06752",
    "lat": 41.5347,
    "lon": -73.3646,
    "kma": "Hartford Market",
    "kma_name": "Hartford Market",
    "region": "CT",
    "freight_score": 75,
    "population": 143,
    "zip_zone": "Z0"
  },
  {
    "city": "Sail Harbor",
    "state": "CT",
    "zip": "06784",
    "lat": 41.5265,
    "lon": -73.4653,
    "kma": "Hartford Market",
    "kma_name": "Hartford Market",
    "region": "CT",
    "freight_score": 75,
    "population": 136,
    "zip_zone": "Z0"
  },
  {
    "city": "Hawleyville",
    "state": "CT",
    "zip": "06470",
    "lat": 41.4288,
    "lon": -73.3506,
    "kma": "Hartford Market",
    "kma_name": "Hartford Market",
    "region": "CT",
    "freight_score": 75,
    "population": 131,
    "zip_zone": "Z0"
  },
  {
    "city": "Chimney Point",
    "state": "CT",
    "zip": "06776",
    "lat": 41.5025,
    "lon": -73.4414,
    "kma": "Hartford Market",
    "kma_name": "Hartford Market",
    "region": "CT",
    "freight_score": 75,
    "population": 112,
    "zip_zone": "Z0"
  },
  {
    "city": "Topstone",
    "state": "CT",
    "zip": "06896",
    "lat": 41.2964,
    "lon": -73.4466,
    "kma": "New York Market",
    "kma_name": "New York Market",
    "region": "CT",
    "freight_score": 75,
    "population": 94,
    "zip_zone": "Z0"
  },
  {
    "city": "Mashantucket",
    "state": "CT",
    "zip": "06339",
    "lat": 41.4645,
    "lon": -71.9745,
    "kma": "Hartford Market",
    "kma_name": "Hartford Market",
    "region": "CT",
    "freight_score": 75,
    "population": 93,
    "zip_zone": "Z0"
  },
  {
    "city": "Branchville",
    "state": "CT",
    "zip": "06877",
    "lat": 41.268,
    "lon": -73.4433,
    "kma": "New York Market",
    "kma_name": "New York Market",
    "region": "CT",
    "freight_score": 75,
    "population": 91,
    "zip_zone": "Z0"
  },
  {
    "city": "Cornwall",
    "state": "CT",
    "zip": "06753",
    "lat": 41.8443,
    "lon": -73.3327,
    "kma": "Hartford Market",
    "kma_name": "Hartford Market",
    "region": "CT",
    "freight_score": 75,
    "population": 65,
    "zip_zone": "Z0"
  },
  {
    "city": "West Cornwall",
    "state": "CT",
    "zip": "06796",
    "lat": 41.8642,
    "lon": -73.3608,
    "kma": "Hartford Market",
    "kma_name": "Hartford Market",
    "region": "CT",
    "freight_score": 75,
    "population": 56,
    "zip_zone": "Z0"
  },
  {
    "city": "Fenwick",
    "state": "CT",
    "zip": "06475",
    "lat": 41.2711,
    "lon": -72.3546,
    "kma": "Hartford Market",
    "kma_name": "Hartford Market",
    "region": "CT",
    "freight_score": 75,
    "population": 42,
    "zip_zone": "Z0"
  },
  {
    "city": "Sherman",
    "state": "CT",
    "zip": "06784",
    "lat": 41.5746,
    "lon": -73.4957,
    "kma": "Hartford Market",
    "kma_name": "Hartford Market",
    "region": "CT",
    "freight_score": 75,
    "population": 25,
    "zip_zone": "Z0"
  },
  {
    "city": "Kellogg Point",
    "state": "CT",
    "zip": "06812",
    "lat": 41.4681,
    "lon": -73.4597,
    "kma": "Hartford Market",
    "kma_name": "Hartford Market",
    "region": "CT",
    "freight_score": 75,
    "population": 23,
    "zip_zone": "Z0"
  }
]