[
  {
    "city": "Boston",
    "state": "MA",
    "zip": "02120",
    "lat": 42.3188,
    "lon": -71.0852,
    "kma": "Boston Market",
    "kma_name": "Boston Market",
    "region": "MA",
    "freight_score": 100,
    "population": 4355184,
    "zip_zone": "Z0"
  },
  {
    "city": "Worcester",
    "state": "MA",
    "zip": "01608",
    "lat": 42.2705,
    "lon": -71.8079,
    "kma": "Boston Market",
    "kma_name": "Boston Market",
    "region": "MA",
    "freight_score": 100,
    "population": 487014,
    "zip_zone": "Z0"
  },
  {
    "city": "Springfield",
    "state": "MA",
    "zip": "01151",
    "lat": 42.1155,
    "lon": -72.5395,
    "kma": "Springfield Market",
    "kma_name": "Springfield Market",
    "region": "MA",
    "freight_score": 100,
    "population": 438889,
    "zip_zone": "Z0"
  },
  {
    "city": "New Bedford",
    "state": "MA",
    "zip": "02740",
    "lat": 41.6697,
    "lon": -70.9428,
    "kma": "Boston Market",
    "kma_name": "Boston Market",
    "region": "MA",
    "freight_score": 100,
    "population": 152104,
    "zip_zone": "Z0"
  },
  {
    "city": "Cambridge",
    "state": "MA",
    "zip": "02142",
    "lat": 42.3759,
    "lon": -71.1185,
    "kma": "Boston Market",
    "kma_name": "Boston Market",
    "region": "MA",
    "freight_score": 100,
    "population": 117794,
    "zip_zone": "Z0"
  },
  {
    "city": "Lowell",
    "state": "MA",
    "zip": "01851",
    "lat": 42.6389,
    "lon": -71.3217,
    "kma": "Boston Market",
    "kma_name": "Boston Market",
    "region": "MA",
    "freight_score": 100,
    "population": 114799,
    "zip_zone": "Z0"
  },
  {
    "city": "Leominster",
    "state": "MA",
    "zip": "01453",
    "lat": 42.5209,
    "lon": -71.7717,
    "kma": "Boston Market",
    "kma_name": "Boston Market",
    "region": "MA",
    "freight_score": 100,
    "population": 113462,
    "zip_zone": "Z0"
  },
  {
    "city": "Brockton",
    "state": "MA",
    "zip": "02301",
    "lat": 42.0821,
    "lon": -71.0242,
    "kma": "Boston Market",
    "kma_name": "Boston Market",
    "region": "MA",
    "freight_score": 100,
    "population": 105080,
    "zip_zone": "Z0"
  },
  {
    "city": "Quincy",
    "state": "MA",
    "zip": "02169",
    "lat": 42.2506,
    "lon": -71.0187,
    "kma": "Boston Market",
    "kma_name": "Boston Market",
    "region": "MA",
    "freight_score": 100,
    "population": 101361,
    "zip_zone": "Z0"
  },
  {
    "city": "Lynn",
    "state": "MA",
    "zip": "01905",
    "lat": 42.4781,
    "lon": -70.9664,
    "kma": "Boston Market",
    "kma_name": "Boston Market",
    "region": "MA",
    "freight_score": 100,
    "population": 100905,
    "zip_zone": "Z0"
  },
  {
    "city": "Fall River",
    "state": "MA",
    "zip": "02724",
    "lat": 41.7136,
    "lon": -71.1015,
    "kma": "Boston Market",
    "kma_name": "Boston Market",
    "region": "MA",
    "freight_score": 98,
    "population": 93764,
    "zip_zone": "Z0"
  },
  {
    "city": "Newton",
    "state": "MA",
    "zip": "02464",
    "lat": 42.3316,
    "lon": -71.2085,
    "kma": "Boston Market",
    "kma_name": "Boston Market",
    "region": "MA",
    "freight_score": 97,
    "population": 88504,
    "zip_zone": "Z0"
  },
  {
    "city": "Lawrence",
    "state": "MA",
    "zip": "01843",
    "lat": 42.7002,
    "lon": -71.1626,
    "kma": "Boston Market",
    "kma_name": "Boston Market",
    "region": "MA",
    "freight_score": 97,
    "population": 88297,
    "zip_zone": "Z0"
  },
  {
    "city": "Somerville",
    "state": "MA",
    "zip": "02144",
    "lat": 42.3908,
    "lon": -71.1014,
    "kma": "Boston Market",
    "kma_name": "Boston Market",
    "region": "MA",
    "freight_score": 95,
    "population": 80549,
    "zip_zone": "Z0"
  },
  {
    "city": "Framingham",
    "state": "MA",
    "zip": "01701",
    "lat": 42.3085,
    "lon": -71.4368,
    "kma": "Boston Market",
    "kma_name": "Boston Market",
    "region": "MA",
    "freight_score": 93,
    "population": 72013,
    "zip_zone": "Z0"
  },
  {
    "city": "Haverhill",
    "state": "MA",
    "zip": "01832",
    "lat": 42.7838,
    "lon": -71.0871,
    "kma": "Boston Market",
    "kma_name": "Boston Market",
    "region": "MA",
    "freight_score": 92,
    "population": 67387,
    "zip_zone": "Z0"
  },
  {
    "city": "Malden",
    "state": "MA",
    "zip": "02148",
    "lat": 42.4305,
    "lon": -71.0576,
    "kma": "Boston Market",
    "kma_name": "Boston Market",
    "region": "MA",
    "freight_score": 91,
    "population": 65509,
    "zip_zone": "Z0"
  },
  {
    "city": "Waltham",
    "state": "MA",
    "zip": "02453",
    "lat": 42.3889,
    "lon": -71.2423,
    "kma": "Boston Market",
    "kma_name": "Boston Market",
    "region": "MA",
    "freight_score": 91,
    "population": 64723,
    "zip_zone": "Z0"
  },
  {
    "city": "Revere",
    "state": "MA",
    "zip": "02151",
    "lat": 42.4189,
    "lon": -71.004,
    "kma": "Boston Market",
    "kma_name": "Boston Market",
    "region": "MA",
    "freight_score": 90,
    "population": 59933,
    "zip_zone": "Z0"
  },
  {
    "city": "Taunton",
    "state": "MA",
    "zip": "02780",
    "lat": 41.9036,
    "lon": -71.0943,
    "kma": "Boston Market",
    "kma_name": "Boston Market",
    "region": "MA",
    "freight_score": 90,
    "population": 59719,
    "zip_zone": "Z0"
  },
  {
    "city": "Medford",
    "state": "MA",
    "zip": "02155",
    "lat": 42.4234,
    "lon": -71.1087,
    "kma": "Boston Market",
    "kma_name": "Boston Market",
    "region": "MA",
    "freight_score": 90,
    "population": 59062,
    "zip_zone": "Z0"
  },
  {
    "city": "Chicopee",
    "state": "MA",
    "zip": "01020",
    "lat": 42.1764,
    "lon": -72.5719,
    "kma": "Springfield Market",
    "kma_name": "Springfield Market",
    "region": "MA",
    "freight_score": 89,
    "population": 55213,
    "zip_zone": "Z0"
  },
  {
    "city": "Peabody",
    "state": "MA",
    "zip": "01960",
    "lat": 42.5335,
    "lon": -70.9725,
    "kma": "Boston Market",
    "kma_name": "Boston Market",
    "region": "MA",
    "freight_score": 89,
    "population": 54180,
    "zip_zone": "Z0"
  },
  {
    "city": "Methuen Town",
    "state": "MA",
    "zip": "01844",
    "lat": 42.734,
    "lon": -71.1889,
    "kma": "Boston Market",
    "kma_name": "Boston Market",
    "region": "MA",
    "freight_score": 88,
    "population": 53043,
    "zip_zone": "Z0"
  },
  {
    "city": "Everett",
    "state": "MA",
    "zip": "02149",
    "lat": 42.4064,
    "lon": -71.0545,
    "kma": "Boston Market",
    "kma_name": "Boston Market",
    "region": "MA",
    "freight_score": 87,
    "population": 49236,
    "zip_zone": "Z0"
  },
  {
    "city": "Attleboro",
    "state": "MA",
    "zip": "02703",
    "lat": 41.9311,
    "lon": -71.295,
    "kma": "Boston Market",
    "kma_name": "Boston Market",
    "region": "MA",
    "freight_score": 87,
    "population": 46499,
    "zip_zone": "Z0"
  },
  {
    "city": "Salem",
    "state": "MA",
    "zip": "01970",
    "lat": 42.5129,
    "lon": -70.9021,
    "kma": "Boston Market",
    "kma_name": "Boston Market",
    "region": "MA",
    "freight_score": 86,
    "population": 44241,
    "zip_zone": "Z0"
  },
  {
    "city": "Pittsfield",
    "state": "MA",
    "zip": "01201",
    "lat": 42.4517,
    "lon": -73.2605,
    "kma": "Albany Market",
    "kma_name": "Albany Market",
    "region": "MA",
    "freight_score": 86,
    "population": 43559,
    "zip_zone": "Z0"
  },
  {
    "city": "Beverly",
    "state": "MA",
    "zip": "01965",
    "lat": 42.5681,
    "lon": -70.8627,
    "kma": "Boston Market",
    "kma_name": "Boston Market",
    "region": "MA",
    "freight_score": 86,
    "population": 42408,
    "zip_zone": "Z0"
  },
  {
    "city": "Fitchburg",
    "state": "MA",
    "zip": "01420",
    "lat": 42.5912,
    "lon": -71.8156,
    "kma": "Boston Market",
    "kma_name": "Boston Market",
    "region": "MA",
    "freight_score": 85,
    "population": 41633,
    "zip_zone": "Z0"
  },
  {
    "city": "Marlborough",
    "state": "MA",
    "zip": "01752",
    "lat": 42.3494,
    "lon": -71.5468,
    "kma": "Boston Market",
    "kma_name": "Boston Market",
    "region": "MA",
    "freight_score": 85,
    "population": 41398,
    "zip_zone": "Z0"
  },
  {
    "city": "Woburn",
    "state": "MA",
    "zip": "01801",
    "lat": 42.4869,
    "lon": -71.1543,
    "kma": "Boston Market",
    "kma_name": "Boston Market",
    "region": "MA",
    "freight_score": 85,
    "population": 41205,
    "zip_zone": "Z0"
  },
  {
    "city": "Westfield",
    "state": "MA",
    "zip": "01085",
    "lat": 42.1382,
    "lon": -72.7561,
    "kma": "Springfield Market",
    "kma_name": "Springfield Market",
    "region": "MA",
    "freight_score": 85,
    "population": 40673,
    "zip_zone": "Z0"
  },
  {
    "city": "Chelsea",
    "state": "MA",
    "zip": "02150",
    "lat": 42.3959,
    "lon": -71.0325,
    "kma": "Boston Market",
    "kma_name": "Boston Market",
    "region": "MA",
    "freight_score": 85,
    "population": 39460,
    "zip_zone": "Z0"
  },
  {
    "city": "Holyoke",
    "state": "MA",
    "zip": "01040",
    "lat": 42.2125,
    "lon": -72.6411,
    "kma": "Springfield Market",
    "kma_name": "Springfield Market",
    "region": "MA",
    "freight_score": 84,
    "population": 37949,
    "zip_zone": "Z0"
  },
  {
    "city": "Watertown Town",
    "state": "MA",
    "zip": "02472",
    "lat": 42.37,
    "lon": -71.1774,
    "kma": "Boston Market",
    "kma_name": "Boston Market",
    "region": "MA",
    "freight_score": 84,
    "population": 35270,
    "zip_zone": "Z0"
  },
  {
    "city": "Gloucester",
    "state": "MA",
    "zip": "01930",
    "lat": 42.626,
    "lon": -70.6897,
    "kma": "Boston Market",
    "kma_name": "Boston Market",
    "region": "MA",
    "freight_score": 82,
    "population": 29862,
    "zip_zone": "Z0"
  },
  {
    "city": "Melrose",
    "state": "MA",
    "zip": "02176",
    "lat": 42.4556,
    "lon": -71.059,
    "kma": "Boston Market",
    "kma_name": "Boston Market",
    "region": "MA",
    "freight_score": 82,
    "population": 29488,
    "zip_zone": "Z0"
  },
  {
    "city": "Northampton",
    "state": "MA",
    "zip": "01060",
    "lat": 42.3266,
    "lon": -72.6745,
    "kma": "Springfield Market",
    "kma_name": "Springfield Market",
    "region": "MA",
    "freight_score": 82,
    "population": 28640,
    "zip_zone": "Z0"
  },
  {
    "city": "Gardner",
    "state": "MA",
    "zip": "01440",
    "lat": 42.5845,
    "lon": -71.9868,
    "kma": "Springfield Market",
    "kma_name": "Springfield Market",
    "region": "MA",
    "freight_score": 80,
    "population": 21075,
    "zip_zone": "Z0"
  },
  {
    "city": "Newburyport",
    "state": "MA",
    "zip": "01950",
    "lat": 42.8124,
    "lon": -70.8878,
    "kma": "Boston Market",
    "kma_name": "Boston Market",
    "region": "MA",
    "freight_score": 80,
    "population": 18444,
    "zip_zone": "Z0"
  },
  {
    "city": "North Adams",
    "state": "MA",
    "zip": "01247",
    "lat": 42.6844,
    "lon": -73.1166,
    "kma": "Albany Market",
    "kma_name": "Albany Market",
    "region": "MA",
    "freight_score": 78,
    "population": 12660,
    "zip_zone": "Z0"
  },
  {
    "city": "South Yarmouth",
    "state": "MA",
    "zip": "02673",
    "lat": 41.6692,
    "lon": -70.2005,
    "kma": "Boston Market",
    "kma_name": "Boston Market",
    "region": "MA",
    "freight_score": 78,
    "population": 11642,
    "zip_zone": "Z0"
  },
  {
    "city": "Middleborough Center",
    "state": "MA",
    "zip": "02346",
    "lat": 41.8945,
    "lon": -70.926,
    "kma": "Boston Market",
    "kma_name": "Boston Market",
    "region": "MA",
    "freight_score": 77,
    "population": 8064,
    "zip_zone": "Z0"
  },
  {
    "city": "Whitinsville",
    "state": "MA",
    "zip": "01588",
    "lat": 42.1146,
    "lon": -71.6688,
    "kma": "Boston Market",
    "kma_name": "Boston Market",
    "region": "MA",
    "freight_score": 77,
    "population": 7250,
    "zip_zone": "Z0"
  },
  {
    "city": "Mansfield Center",
    "state": "MA",
    "zip": "02048",
    "lat": 42.0225,
    "lon": -71.218,
    "kma": "Boston Market",
    "kma_name": "Boston Market",
    "region": "MA",
    "freight_score": 77,
    "population": 7232,
    "zip_zone": "Z0"
  },
  {
    "city": "Pinehurst",
    "state": "MA",
    "zip": "01821",
    "lat": 42.5334,
    "lon": -71.2339,
    "kma": "Boston Market",
    "kma_name": "Boston Market",
    "region": "MA",
    "freight_score": 77,
    "population": 6737,
    "zip_zone": "Z0"
  },
  {
    "city": "Cochituate",
    "state": "MA",
    "zip": "01778",
    "lat": 42.329,
    "lon": -71.3576,
    "kma": "Boston Market",
    "kma_name": "Boston Market",
    "region": "MA",
    "freight_score": 77,
    "population": 6688,
    "zip_zone": "Z0"
  },
  {
    "city": "East Falmouth",
    "state": "MA",
    "zip": "02536",
    "lat": 41.5708,
    "lon": -70.5556,
    "kma": "Boston Market",
    "kma_name": "Boston Market",
    "region": "MA",
    "freight_score": 77,
    "population": 6415,
    "zip_zone": "Z0"
  },
  {
    "city": "West Yarmouth",
    "state": "MA",
    "zip": "02673",
    "lat": 41.6496,
    "lon": -70.2487,
    "kma": "Boston Market",
    "kma_name": "Boston Market",
    "region": "MA",
    "freight_score": 77,
    "population": 6323,
    "zip_zone": "Z0"
  },
  {
    "city": "North Scituate",
    "state": "MA",
    "zip": "02066",
    "lat": 42.2121,
    "lon": -70.7652,
    "kma": "Boston Market",
    "kma_name": "Boston Market",
    "region": "MA",
    "freight_score": 77,
    "population": 6163,
    "zip_zone": "Z0"
  },
  {
    "city": "West Concord",
    "state": "MA",
    "zip": "01742",
    "lat": 42.4517,
    "lon": -71.4035,
    "kma": "Boston Market",
    "kma_name": "Boston Market",
    "region": "MA",
    "freight_score": 76,
    "population": 5997,
    "zip_zone": "Z0"
  },
  {
    "city": "Yarmouth Port",
    "state": "MA",
    "zip": "02675",
    "lat": 41.7091,
    "lon": -70.2225,
    "kma": "Boston Market",
    "kma_name": "Boston Market",
    "region": "MA",
    "freight_score": 76,
    "population": 5825,
    "zip_zone": "Z0"
  },
  {
    "city": "East Harwich",
    "state": "MA",
    "zip": "02645",
    "lat": 41.7081,
    "lon": -70.0339,
    "kma": "Boston Market",
    "kma_name": "Boston Market",
    "region": "MA",
    "freight_score": 76,
    "population": 5670,
    "zip_zone": "Z0"
  },
  {
    "city": "Bliss Corner",
    "state": "MA",
    "zip": "02748",
    "lat": 41.6053,
    "lon": -70.9421,
    "kma": "Boston Market",
    "kma_name": "Boston Market",
    "region": "MA",
    "freight_score": 76,
    "population": 5666,
    "zip_zone": "Z0"
  },
  {
    "city": "North Westport",
    "state": "MA",
    "zip": "02790",
    "lat": 41.654,
    "lon": -71.0927,
    "kma": "Boston Market",
    "kma_name": "Boston Market",
    "region": "MA",
    "freight_score": 76,
    "population": 4995,
    "zip_zone": "Z0"
  },
  {
    "city": "The Pinehills",
    "state": "MA",
    "zip": "02360",
    "lat": 41.8946,
    "lon": -70.5966,
    "kma": "Boston Market",
    "kma_name": "Boston Market",
    "region": "MA",
    "freight_score": 76,
    "population": 4988,
    "zip_zone": "Z0"
  },
  {
    "city": "Raynham Center",
    "state": "MA",
    "zip": "02767",
    "lat": 41.9327,
    "lon": -71.0431,
    "kma": "Boston Market",
    "kma_name": "Boston Market",
    "region": "MA",
    "freight_score": 76,
    "population": 4871,
    "zip_zone": "Z0"
  },
  {
    "city": "Ocean Bluff-Brant Rock",
    "state": "MA",
    "zip": "02050",
    "lat": 42.1006,
    "lon": -70.6626,
    "kma": "Boston Market",
    "kma_name": "Boston Market",
    "region": "MA",
    "freight_score": 76,
    "population": 4695,
    "zip_zone": "Z0"
  },
  {
    "city": "Millis-Clicquot",
    "state": "MA",
    "zip": "02054",
    "lat": 42.1648,
    "lon": -71.3544,
    "kma": "Boston Market",
    "kma_name": "Boston Market",
    "region": "MA",
    "freight_score": 76,
    "population": 4479,
    "zip_zone": "Z0"
  },
  {
    "city": "Smith Mills",
    "state": "MA",
    "zip": "02747",
    "lat": 41.6432,
    "lon": -70.9922,
    "kma": "Boston Market",
    "kma_name": "Boston Market",
    "region": "MA",
    "freight_score": 76,
    "population": 4467,
    "zip_zone": "Z0"
  },
  {
    "city": "North Plymouth",
    "state": "MA",
    "zip": "02360",
    "lat": 41.9727,
    "lon": -70.6889,
    "kma": "Boston Market",
    "kma_name": "Boston Market",
    "region": "MA",
    "freight_score": 76,
    "population": 4458,
    "zip_zone": "Z0"
  },
  {
    "city": "Northwest Harwich",
    "state": "MA",
    "zip": "02671",
    "lat": 41.6917,
    "lon": -70.1026,
    "kma": "Boston Market",
    "kma_name": "Boston Market",
    "region": "MA",
    "freight_score": 76,
    "population": 4205,
    "zip_zone": "Z0"
  },
  {
    "city": "Sagamore",
    "state": "MA",
    "zip": "02561",
    "lat": 41.7842,
    "lon": -70.5332,
    "kma": "Boston Market",
    "kma_name": "Boston Market",
    "region": "MA",
    "freight_score": 76,
    "population": 3958,
    "zip_zone": "Z0"
  },
  {
    "city": "Turners Falls",
    "state": "MA",
    "zip": "01376",
    "lat": 42.5975,
    "lon": -72.5573,
    "kma": "Springfield Market",
    "kma_name": "Springfield Market",
    "region": "MA",
    "freight_score": 76,
    "population": 3949,
    "zip_zone": "Z0"
  },
  {
    "city": "North Pembroke",
    "state": "MA",
    "zip": "02359",
    "lat": 42.0989,
    "lon": -70.7823,
    "kma": "Boston Market",
    "kma_name": "Boston Market",
    "region": "MA",
    "freight_score": 76,
    "population": 3924,
    "zip_zone": "Z0"
  },
  {
    "city": "Forestdale",
    "state": "MA",
    "zip": "02644",
    "lat": 41.6846,
    "lon": -70.5082,
    "kma": "Boston Market",
    "kma_name": "Boston Market",
    "region": "MA",
    "freight_score": 76,
    "population": 3716,
    "zip_zone": "Z0"
  },
  {
    "city": "East Dennis",
    "state": "MA",
    "zip": "02638",
    "lat": 41.7392,
    "lon": -70.1577,
    "kma": "Boston Market",
    "kma_name": "Boston Market",
    "region": "MA",
    "freight_score": 76,
    "population": 3685,
    "zip_zone": "Z0"
  },
  {
    "city": "North Lakeville",
    "state": "MA",
    "zip": "02347",
    "lat": 41.862,
    "lon": -70.9411,
    "kma": "Boston Market",
    "kma_name": "Boston Market",
    "region": "MA",
    "freight_score": 76,
    "population": 3602,
    "zip_zone": "Z0"
  },
  {
    "city": "East Sandwich",
    "state": "MA",
    "zip": "02537",
    "lat": 41.7365,
    "lon": -70.4341,
    "kma": "Boston Market",
    "kma_name": "Boston Market",
    "region": "MA",
    "freight_score": 76,
    "population": 3597,
    "zip_zone": "Z0"
  },
  {
    "city": "Dennis Port",
    "state": "MA",
    "zip": "02639",
    "lat": 41.6677,
    "lon": -70.1358,
    "kma": "Boston Market",
    "kma_name": "Boston Market",
    "region": "MA",
    "freight_score": 76,
    "population": 3439,
    "zip_zone": "Z0"
  },
  {
    "city": "South Duxbury",
    "state": "MA",
    "zip": "02332",
    "lat": 42.0203,
    "lon": -70.6913,
    "kma": "Boston Market",
    "kma_name": "Boston Market",
    "region": "MA",
    "freight_score": 76,
    "population": 3272,
    "zip_zone": "Z0"
  },
  {
    "city": "South Dennis",
    "state": "MA",
    "zip": "02660",
    "lat": 41.7051,
    "lon": -70.1537,
    "kma": "Boston Market",
    "kma_name": "Boston Market",
    "region": "MA",
    "freight_score": 76,
    "population": 3190,
    "zip_zone": "Z0"
  },
  {
    "city": "Ocean Grove",
    "state": "MA",
    "zip": "02777",
    "lat": 41.7281,
    "lon": -71.2098,
    "kma": "Boston Market",
    "kma_name": "Boston Market",
    "region": "MA",
    "freight_score": 76,
    "population": 3099,
    "zip_zone": "Z0"
  },
  {
    "city": "Cordaville",
    "state": "MA",
    "zip": "01772",
    "lat": 42.2727,
    "lon": -71.5221,
    "kma": "Boston Market",
    "kma_name": "Boston Market",
    "region": "MA",
    "freight_score": 76,
    "population": 3076,
    "zip_zone": "Z0"
  },
  {
    "city": "Monument Beach",
    "state": "MA",
    "zip": "02532",
    "lat": 41.7192,
    "lon": -70.606,
    "kma": "Boston Market",
    "kma_name": "Boston Market",
    "region": "MA",
    "freight_score": 76,
    "population": 3067,
    "zip_zone": "Z0"
  },
  {
    "city": "Buzzards Bay",
    "state": "MA",
    "zip": "02532",
    "lat": 41.755,
    "lon": -70.6128,
    "kma": "Boston Market",
    "kma_name": "Boston Market",
    "region": "MA",
    "freight_score": 76,
    "population": 2941,
    "zip_zone": "Z0"
  },
  {
    "city": "North Seekonk",
    "state": "MA",
    "zip": "02771",
    "lat": 41.8883,
    "lon": -71.3297,
    "kma": "Boston Market",
    "kma_name": "Boston Market",
    "region": "MA",
    "freight_score": 76,
    "population": 2903,
    "zip_zone": "Z0"
  },
  {
    "city": "East Douglas",
    "state": "MA",
    "zip": "01516",
    "lat": 42.0779,
    "lon": -71.7121,
    "kma": "Boston Market",
    "kma_name": "Boston Market",
    "region": "MA",
    "freight_score": 76,
    "population": 2842,
    "zip_zone": "Z0"
  },
  {
    "city": "Littleton Common",
    "state": "MA",
    "zip": "01460",
    "lat": 42.5352,
    "lon": -71.4727,
    "kma": "Boston Market",
    "kma_name": "Boston Market",
    "region": "MA",
    "freight_score": 76,
    "population": 2838,
    "zip_zone": "Z0"
  },
  {
    "city": "Acushnet Center",
    "state": "MA",
    "zip": "02743",
    "lat": 41.685,
    "lon": -70.9064,
    "kma": "Boston Market",
    "kma_name": "Boston Market",
    "region": "MA",
    "freight_score": 76,
    "population": 2792,
    "zip_zone": "Z0"
  },
  {
    "city": "West Wareham",
    "state": "MA",
    "zip": "02576",
    "lat": 41.79,
    "lon": -70.755,
    "kma": "Boston Market",
    "kma_name": "Boston Market",
    "region": "MA",
    "freight_score": 76,
    "population": 2776,
    "zip_zone": "Z0"
  },
  {
    "city": "Wareham Center",
    "state": "MA",
    "zip": "02571",
    "lat": 41.7498,
    "lon": -70.7207,
    "kma": "Boston Market",
    "kma_name": "Boston Market",
    "region": "MA",
    "freight_score": 76,
    "population": 2737,
    "zip_zone": "Z0"
  },
  {
    "city": "Vineyard Haven",
    "state": "MA",
    "zip": "02568",
    "lat": 41.4572,
    "lon": -70.607,
    "kma": "Boston Market",
    "kma_name": "Boston Market",
    "region": "MA",
    "freight_score": 76,
    "population": 2672,
    "zip_zone": "Z0"
  },
  {
    "city": "West Dennis",
    "state": "MA",
    "zip": "02670",
    "lat": 41.6666,
    "lon": -70.1656,
    "kma": "Boston Market",
    "kma_name": "Boston Market",
    "region": "MA",
    "freight_score": 76,
    "population": 2586,
    "zip_zone": "Z0"
  },
  {
    "city": "Mattapoisett Center",
    "state": "MA",
    "zip": "02739",
    "lat": 41.6666,
    "lon": -70.8056,
    "kma": "Boston Market",
    "kma_name": "Boston Market",
    "region": "MA",
    "freight_score": 76,
    "population": 2573,
    "zip_zone": "Z0"
  },
  {
    "city": "Fiskdale",
    "state": "MA",
    "zip": "01518",
    "lat": 42.1229,
    "lon": -72.1089,
    "kma": "Springfield Market",
    "kma_name": "Springfield Market",
    "region": "MA",
    "freight_score": 76,
    "population": 2564,
    "zip_zone": "Z0"
  },
  {
    "city": "North Falmouth",
    "state": "MA",
    "zip": "02556",
    "lat": 41.6394,
    "lon": -70.6251,
    "kma": "Boston Market",
    "kma_name": "Boston Market",
    "region": "MA",
    "freight_score": 76,
    "population": 2558,
    "zip_zone": "Z0"
  },
  {
    "city": "Norton Center",
    "state": "MA",
    "zip": "02766",
    "lat": 41.9725,
    "lon": -71.1854,
    "kma": "Boston Market",
    "kma_name": "Boston Market",
    "region": "MA",
    "freight_score": 76,
    "population": 2526,
    "zip_zone": "Z0"
  },
  {
    "city": "Baldwinville",
    "state": "MA",
    "zip": "01436",
    "lat": 42.6048,
    "lon": -72.0771,
    "kma": "Springfield Market",
    "kma_name": "Springfield Market",
    "region": "MA",
    "freight_score": 76,
    "population": 2454,
    "zip_zone": "Z0"
  },
  {
    "city": "Pocasset",
    "state": "MA",
    "zip": "02559",
    "lat": 41.6877,
    "lon": -70.6195,
    "kma": "Boston Market",
    "kma_name": "Boston Market",
    "region": "MA",
    "freight_score": 76,
    "population": 2375,
    "zip_zone": "Z0"
  },
  {
    "city": "Cedar Crest",
    "state": "MA",
    "zip": "02050",
    "lat": 42.0764,
    "lon": -70.6613,
    "kma": "Boston Market",
    "kma_name": "Boston Market",
    "region": "MA",
    "freight_score": 76,
    "population": 2289,
    "zip_zone": "Z0"
  },
  {
    "city": "Marshfield Hills",
    "state": "MA",
    "zip": "02050",
    "lat": 42.1487,
    "lon": -70.7315,
    "kma": "Boston Market",
    "kma_name": "Boston Market",
    "region": "MA",
    "freight_score": 76,
    "population": 2121,
    "zip_zone": "Z0"
  },
  {
    "city": "Harwich Port",
    "state": "MA",
    "zip": "02645",
    "lat": 41.6724,
    "lon": -70.0641,
    "kma": "Boston Market",
    "kma_name": "Boston Market",
    "region": "MA",
    "freight_score": 76,
    "population": 2011,
    "zip_zone": "Z0"
  },
  {
    "city": "South Lancaster",
    "state": "MA",
    "zip": "01523",
    "lat": 42.4373,
    "lon": -71.692,
    "kma": "Boston Market",
    "kma_name": "Boston Market",
    "region": "MA",
    "freight_score": 75,
    "population": 1991,
    "zip_zone": "Z0"
  },
  {
    "city": "East Pepperell",
    "state": "MA",
    "zip": "01463",
    "lat": 42.6654,
    "lon": -71.5635,
    "kma": "Boston Market",
    "kma_name": "Boston Market",
    "region": "MA",
    "freight_score": 75,
    "population": 1984,
    "zip_zone": "Z0"
  },
  {
    "city": "North Eastham",
    "state": "MA",
    "zip": "02642",
    "lat": 41.8539,
    "lon": -69.9968,
    "kma": "Boston Market",
    "kma_name": "Boston Market",
    "region": "MA",
    "freight_score": 75,
    "population": 1958,
    "zip_zone": "Z0"
  },
  {
    "city": "White Island Shores",
    "state": "MA",
    "zip": "02538",
    "lat": 41.7932,
    "lon": -70.6389,
    "kma": "Boston Market",
    "kma_name": "Boston Market",
    "region": "MA",
    "freight_score": 75,
    "population": 1880,
    "zip_zone": "Z0"
  },
  {
    "city": "Devens",
    "state": "MA",
    "zip": "01434",
    "lat": 42.5439,
    "lon": -71.6146,
    "kma": "Boston Market",
    "kma_name": "Boston Market",
    "region": "MA",
    "freight_score": 75,
    "population": 1871,
    "zip_zone": "Z0"
  },
  {
    "city": "South Deerfield",
    "state": "MA",
    "zip": "01373",
    "lat": 42.4795,
    "lon": -72.5947,
    "kma": "Springfield Market",
    "kma_name": "Springfield Market",
    "region": "MA",
    "freight_score": 75,
    "population": 1822,
    "zip_zone": "Z0"
  },
  {
    "city": "Monson Center",
    "state": "MA",
    "zip": "01057",
    "lat": 42.099,
    "lon": -72.3048,
    "kma": "Springfield Market",
    "kma_name": "Springfield Market",
    "region": "MA",
    "freight_score": 75,
    "population": 1794,
    "zip_zone": "Z0"
  },
  {
    "city": "Shelburne Falls",
    "state": "MA",
    "zip": "01370",
    "lat": 42.6063,
    "lon": -72.7436,
    "kma": "Springfield Market",
    "kma_name": "Springfield Market",
    "region": "MA",
    "freight_score": 75,
    "population": 1755,
    "zip_zone": "Z0"
  },
  {
    "city": "Hanscom AFB",
    "state": "MA",
    "zip": "01731",
    "lat": 42.4582,
    "lon": -71.2793,
    "kma": "Boston Market",
    "kma_name": "Boston Market",
    "region": "MA",
    "freight_score": 75,
    "population": 1745,
    "zip_zone": "Z0"
  },
  {
    "city": "Teaticket",
    "state": "MA",
    "zip": "02536",
    "lat": 41.5624,
    "lon": -70.5858,
    "kma": "Boston Market",
    "kma_name": "Boston Market",
    "region": "MA",
    "freight_score": 75,
    "population": 1728,
    "zip_zone": "Z0"
  },
  {
    "city": "West Falmouth",
    "state": "MA",
    "zip": "02540",
    "lat": 41.6012,
    "lon": -70.6364,
    "kma": "Boston Market",
    "kma_name": "Boston Market",
    "region": "MA",
    "freight_score": 75,
    "population": 1655,
    "zip_zone": "Z0"
  },
  {
    "city": "Harwich Center",
    "state": "MA",
    "zip": "02645",
    "lat": 41.6923,
    "lon": -70.0694,
    "kma": "Boston Market",
    "kma_name": "Boston Market",
    "region": "MA",
    "freight_score": 75,
    "population": 1620,
    "zip_zone": "Z0"
  },
  {
    "city": "Onset",
    "state": "MA",
    "zip": "02558",
    "lat": 41.7481,
    "lon": -70.667,
    "kma": "Boston Market",
    "kma_name": "Boston Market",
    "region": "MA",
    "freight_score": 75,
    "population": 1561,
    "zip_zone": "Z0"
  },
  {
    "city": "Weweantic",
    "state": "MA",
    "zip": "02571",
    "lat": 41.7396,
    "lon": -70.7346,
    "kma": "Boston Market",
    "kma_name": "Boston Market",
    "region": "MA",
    "freight_score": 75,
    "population": 1384,
    "zip_zone": "Z0"
  },
  {
    "city": "Oak Bluffs",
    "state": "MA",
    "zip": "02557",
    "lat": 41.4551,
    "lon": -70.5657,
    "kma": "Boston Market",
    "kma_name": "Boston Market",
    "region": "MA",
    "freight_score": 75,
    "population": 1357,
    "zip_zone": "Z0"
  },
  {
    "city": "West Chatham",
    "state": "MA",
    "zip": "02633",
    "lat": 41.6804,
    "lon": -69.9918,
    "kma": "Boston Market",
    "kma_name": "Boston Market",
    "region": "MA",
    "freight_score": 75,
    "population": 1337,
    "zip_zone": "Z0"
  },
  {
    "city": "Green Harbor",
    "state": "MA",
    "zip": "02050",
    "lat": 42.068,
    "lon": -70.6499,
    "kma": "Boston Market",
    "kma_name": "Boston Market",
    "region": "MA",
    "freight_score": 75,
    "population": 1254,
    "zip_zone": "Z0"
  },
  {
    "city": "South Ashburnham",
    "state": "MA",
    "zip": "01430",
    "lat": 42.6138,
    "lon": -71.9384,
    "kma": "Boston Market",
    "kma_name": "Boston Market",
    "region": "MA",
    "freight_score": 75,
    "population": 1174,
    "zip_zone": "Z0"
  },
  {
    "city": "Marion Center",
    "state": "MA",
    "zip": "02738",
    "lat": 41.7042,
    "lon": -70.7629,
    "kma": "Boston Market",
    "kma_name": "Boston Market",
    "region": "MA",
    "freight_score": 75,
    "population": 1159,
    "zip_zone": "Z0"
  },
  {
    "city": "Millers Falls",
    "state": "MA",
    "zip": "01349",
    "lat": 42.5792,
    "lon": -72.4925,
    "kma": "Springfield Market",
    "kma_name": "Springfield Market",
    "region": "MA",
    "freight_score": 75,
    "population": 1081,
    "zip_zone": "Z0"
  },
  {
    "city": "Mashpee Neck",
    "state": "MA",
    "zip": "02649",
    "lat": 41.6119,
    "lon": -70.4666,
    "kma": "Boston Market",
    "kma_name": "Boston Market",
    "region": "MA",
    "freight_score": 75,
    "population": 1071,
    "zip_zone": "Z0"
  },
  {
    "city": "Housatonic",
    "state": "MA",
    "zip": "01236",
    "lat": 42.2487,
    "lon": -73.3626,
    "kma": "Albany Market",
    "kma_name": "Albany Market",
    "region": "MA",
    "freight_score": 75,
    "population": 1054,
    "zip_zone": "Z0"
  },
  {
    "city": "Woods Hole",
    "state": "MA",
    "zip": "02543",
    "lat": 41.5303,
    "lon": -70.6614,
    "kma": "Boston Market",
    "kma_name": "Boston Market",
    "region": "MA",
    "freight_score": 75,
    "population": 999,
    "zip_zone": "Z0"
  },
  {
    "city": "New Seabury",
    "state": "MA",
    "zip": "02649",
    "lat": 41.5689,
    "lon": -70.4812,
    "kma": "Boston Market",
    "kma_name": "Boston Market",
    "region": "MA",
    "freight_score": 75,
    "population": 824,
    "zip_zone": "Z0"
  },
  {
    "city": "West Warren",
    "state": "MA",
    "zip": "01092",
    "lat": 42.2168,
    "lon": -72.2366,
    "kma": "Springfield Market",
    "kma_name": "Springfield Market",
    "region": "MA",
    "freight_score": 75,
    "population": 619,
    "zip_zone": "Z0"
  },
  {
    "city": "Seabrook",
    "state": "MA",
    "zip": "02649",
    "lat": 41.5831,
    "lon": -70.4992,
    "kma": "Boston Market",
    "kma_name": "Boston Market",
    "region": "MA",
    "freight_score": 75,
    "population": 545,
    "zip_zone": "Z0"
  },
  {
    "city": "Popponesset",
    "state": "MA",
    "zip": "02649",
    "lat": 41.5737,
    "lon": -70.4636,
    "kma": "Boston Market",
    "kma_name": "Boston Market",
    "region": "MA",
    "freight_score": 75,
    "population": 501,
    "zip_zone": "Z0"
  },
  {
    "city": "Madaket",
    "state": "MA",
    "zip": "02554",
    "lat": 41.2826,
    "lon": -70.1855,
    "kma": "Boston Market",
    "kma_name": "Boston Market",
    "region": "MA",
    "freight_score": 75,
    "population": 378,
    "zip_zone": "Z0"
  },
  {
    "city": "Siasconset",
    "state": "MA",
    "zip": "02564",
    "lat": 41.2636,
    "lon": -69.9718,
    "kma": "Boston Market",
    "kma_name": "Boston Market",
    "region": "MA",
    "freight_score": 75,
    "population": 191,
    "zip_zone": "Z0"
  },
  {
    "city": "Lenox Dale",
    "state": "MA",
    "zip": "01242",
    "lat": 42.3339,
    "lon": -73.2496,
    "kma": "Albany Market",
    "kma_name": "Albany Market",
    "region": "MA",
    "freight_score": 75,
    "population": 165,
    "zip_zone": "Z0"
  },
  {
    "city": "Seconsett Island",
    "state": "MA",
    "zip": "02649",
    "lat": 41.5662,
    "lon": -70.5123,
    "kma": "Boston Market",
    "kma_name": "Boston Market",
    "region": "MA",
    "freight_score": 75,
    "population": 138,
    "zip_zone": "Z0"
  },
  {
    "city": "Monomoscoy Island",
    "state": "MA",
    "zip": "02649",
    "lat": 41.5712,
    "lon": -70.5026,
    "kma": "Boston Market",
    "kma_name": "Boston Market",
    "region": "MA",
    "freight_score": 75,
    "population": 112,
    "zip_zone": "Z0"
  },
  {
    "city": "Popponesset Island",
    "state": "MA",
    "zip": "02649",
    "lat": 41.5855,
    "lon": -70.4591,
    "kma": "Boston Market",
    "kma_name": "Boston Market",
    "region": "MA",
    "freight_score": 75,
    "population": 72,
    "zip_zone": "Z0"
  }
]